category,title,creator,publication_year,description
movie,Major Cake,Rossana Rohan,1921,Natus recusandae laborum commodi.
book,Major Breaker,Kevin Marquardt,2017,Occaecati eligendi tenetur sed.
movie,Spilt Java,Thomas Ullrich,1987,Sunt molestiae est voluptatibus.
album,Holiday Solstice,Deena Davis,1999,Laudantium ut molestias eius.
album,Blue Cake,Dante Towne,1932,Tenetur voluptatem unde dolorem.
movie,Dark Pie,Aurelio Mann,1924,Est voluptatem praesentium aspernatur.
book,Joe Bean,Nickole Bednar,1989,Repellat rem eos omnis.
book,Bluebery Equinox,Dr. Annita Padberg,1961,Rem harum voluptatem aut.
movie,Joe Light,Shayne Turcotte,1978,Autem dignissimos perferendis pariatur.
book,Bluebery Symphony,Justine Schmeler Jr.,1998,Voluptatum nihil rerum totam.
book,American Light,Malik Flatley,1954,Doloremque voluptatibus culpa voluptatum.
book,Bluebery ,Torie Harvey,1996,Labore voluptatem aspernatur et.
book,Captain's Blend,Suanne Jenkins V,1919,Quidem eum dolores cumque.
album,Blue Forrester,Dr. Tony Kshlerin,1948,Et provident rerum quis.
book,Morning Enlightenment,Rodney Schiller,1969,Deserunt dolores aperiam laboriosam.
movie,Red Nuts,Carmela Runte,2008,Dignissimos nihil harum praesentium.
album,Huggy Town,Beau Labadie DVM,1920,Omnis dolorem et necessitatibus.
album,Postmodern Delight,Mrs. Ivan Langosh,2002,Aut nam provident ea.
movie,Goodbye ,Stefan Hahn,2004,Numquam ipsa veritatis non.
book,Seattle Town,Dagny Walter,1944,Perferendis quas omnis molestias.
album,Pumpkin-spice Delight,Mrs. Kirby Walker,1983,Iure non voluptatem at.
movie,Seattle ,Merideth Bosco,1998,Commodi autem saepe adipisci.
album,Spilt Utopia,Esther Prosacco,1996,Ea et consequatur harum.
album,Chocolate Java,Bethel Bode I,1964,Expedita velit rerum fuga.
movie,Summer ,Noriko Stamm,1979,Aut voluptatem in est.
movie,KrebStar Symphony,Mr. Leonida Hermann,2011,Ut autem beatae magni.
movie,KrebStar Pie,Noah Hegmann,1937,Voluptates enim explicabo cumque.
album,Heart Star,Isabel Blick,2002,Molestias et eos atque.
movie,Bluebery Coffee,Erich Spinka,1935,Quia qui commodi natus.
album,The Captain's Select,Miss Randall Brakus,2004,Illo atque qui necessitatibus.
book,Thanksgiving Extract,Galina Hodkiewicz,1940,Facilis quo quidem omnis.
movie,Holiday Cake,Freeda Keebler,2004,Vel impedit est ducimus.
album,Morning Breaker,Mrs. Bennie Reinger,1970,Asperiores error perspiciatis qui.
movie,Hello Look,Donald Thompson Jr.,1939,Quidem accusantium velit est.
book,Seattle Bean,Kent Waelchi,1941,Pariatur asperiores dicta repellendus.
movie,The Captain's Coffee,Simona Dach Sr.,1980,Perspiciatis qui quasi eaque.
album,Goodbye Star,Mrs. Marcelene Satterfield,1948,Eius dolorem molestiae corporis.
album,Green Forrester,Ione Schaden,1946,Ut qui dolor eveniet.
book,Express Choice,Mr. Raymond Kozey,2012,Velit eius corrupti eos.
book,Red Forrester,Corrin Macejkovic,1991,Quo maiores ea rerum.
movie,Holiday Cowboy,Rene Gislason,1946,Error molestias eos esse.
album,Captain's Treat,Anneliese Koepp,1971,Debitis officiis rem provident.
book,American Java,Armand Corwin Jr.,1951,Rerum quis molestiae repudiandae.
book,Red Blend,Jack Steuber,1918,Deserunt laboriosam animi dolores.
book,Veranda Choice,Ross Wintheiser,1939,Excepturi quaerat consequuntur fuga.
book,Spilt Enlightenment,Adina Herman,1981,Distinctio velit non aut.
movie,Pumpkin-spice Level,Dr. Duane Zemlak,1942,Fuga ipsum sapiente et.
album,Joe Enlightenment,Monserrate Smitham,1954,Minus dicta consequatur perferendis.
book,Blue Coffee,Ernest Goyette,1958,Repudiandae nostrum commodi distinctio.
book,Holiday Solstice,Wade Abbott,1937,Magnam ea veniam adipisci.
movie,Good-morning Light,Voncile Legros,1984,Error illo natus hic.
book,Pumpkin-spice Volcano,Lemuel Klocko,1986,Ratione hic voluptatem reprehenderit.
movie,Captain's ,Micheal Pouros,1997,Est enim repellat inventore.
book,Spilt Blend,Abel Gerlach,1997,Itaque fugiat neque facere.
book,Strong America,Corey Kutch DVM,1956,Consequuntur distinctio sint officia.
album,The Captain's Town,Lupe Bauch,1996,Officiis deleniti eos et.
album,Café Nuts,Jimmy Oberbrunner,1998,Soluta eaque enim non.
album,Pumpkin-spice Nuts,Azalee Kuhic,1940,Mollitia nemo optio amet.
movie,Street Enlightenment,Leona Lynch II,1920,Perferendis ipsa eos qui.
album,Huggy Symphony,Meg Bayer,2017,Dolores voluptatem quidem aspernatur.
movie,Chocolate Volcano,Donya Moen,1928,Voluptas quasi ducimus cupiditate.
movie,KrebStar Coffee,Mozelle D'Amore,2017,Facere beatae sint nobis.
album,Summer Choice,Colette Rosenbaum DDS,1961,Vel a est aut.
album,Green Choice,Michel Hansen,2000,Pariatur error eum id.
book,Huggy Symphony,Lyndon Blanda,1951,Odio culpa sunt quasi.
album,Heart Bean,Ethelene Sauer,1968,Quos ex facere necessitatibus.
album,Express Java,Candida Satterfield,2012,Occaecati qui qui error.
movie,Joe Solstice,Jennie Casper V,1980,Ea maxime assumenda ipsa.
book,Evening Town,Linn Ortiz,1993,Ut consectetur aperiam ut.
book,Brooklyn Mug,Rich Rosenbaum,2013,Reiciendis similique esse tempore.
album,Hello Enlightenment,Jillian Crooks,1995,Qui quae tenetur nisi.
album,Street Level,Stacee Konopelski,1932,Excepturi nam dolorem ipsa.
book,Café Java,Laurie Friesen,1983,Molestiae repudiandae fugit et.
book,Huggy Pie,Carla Pouros,1922,Quis odit qui eveniet.
movie,Bluebery Pie,Bo Corwin,1920,Omnis nihil debitis maxime.
movie,Reg's Star,Herman Von III,1985,Qui esse saepe suscipit.
movie,Blue Extract,Darius Murazik,1925,Fuga reiciendis ut maiores.
book,Pumpkin-spice Blend,Matt Morar,1985,In molestias optio ut.
album,Jacked Extract,Queenie Maggio,1978,Qui rem alias quia.
movie,Joe Java,Norbert Sipes,2009,Aliquid quam cupiditate porro.
album,The Captain's America,Dwana Hackett,1920,Ex et et eum.
movie,Veranda Forrester,Dodie Smith,1960,Excepturi molestiae perspiciatis dolor.
book,Thanksgiving Breaker,Jared Stark,1998,Blanditiis voluptatum officia reiciendis.
album,Red Level,Miss Alfredia Schmeler,1929,Molestiae libero eveniet ea.
movie,The Captain's Cup,Tommie Walter II,1968,Nisi numquam est voluptatem.
album,Thanksgiving Volcano,Jefferson Hickle,1956,Deleniti sit quibusdam repellat.
album,Winter Extract,Jack D'Amore,1975,Corporis molestiae harum accusantium.
movie,Chocolate America,Mr. Pearline Fahey,2007,Voluptates aspernatur et rerum.
album,The Blend,Parthenia Predovic,1974,Ipsa minus explicabo sapiente.
album,The Captain's Bean,Tomeka Little IV,1961,Est non ratione corrupti.
movie,Major Utopia,Ernie Homenick Jr.,1959,Et aut iste est.
movie,Seattle ,Ms. Patrick O'Connell,1995,Aut harum quia ut.
movie,American Solstice,Darron Walker,1929,Nulla nesciunt quisquam rerum.
book,Dark Utopia,Dusty Boyle,1964,Inventore minima et est.
movie,Bluebery Cake,Ms. Luciano Simonis,2008,Sed vel fuga perspiciatis.
book,Hello Level,Silva Batz II,1996,Praesentium dolorem sequi quaerat.
movie,Goodbye Equinox,Mr. Ulrike Renner,2011,Id deserunt ea et.
book,Seattle Extract,Tran Harber,1952,Est assumenda voluptas aspernatur.
movie,Express Volcano,Anya Ward,1999,Tempore eligendi aspernatur ut.
book,Postmodern Volcano,Elna Goodwin,1975,Qui assumenda consequuntur dolor.
